{
    "camera_matrix": [
        [
            3195.3948702853104,
            0.0,
            709.5795624660262
        ],
        [
            0.0,
            3274.444272849628,
            682.8530769881763
        ],
        [
            0.0,
            0.0,
            1.0
        ]
    ],
    "distortion_coefficients": [
        [
            2647.0191946485024,
            10.013978268792602,
            0.02227134712281248,
            0.0024702455816331356,
            386.2995535367977,
            2690.788152812111,
            193.50440703357614,
            -381.4147486346786,
            0.0,
            0.0,
            0.0,
            0.0,
            -0.035792127867721006,
            -0.0035243597543565893
        ]
    ],
    "Camera 1": {
        "top_left": [
            113,
            89
        ],
        "bottom_right": [
            1313,
            1289
        ],
        "transform_matrix": [
            [
                0.9960745714250434,
                -0.06204179987933928,
                -0.06313686108881322,
                -1.0313878658241675
            ],
            [
                0.020170224841852838,
                -0.5354183189921489,
                0.8443461290948463,
                13.793025771094758
            ],
            [
                -0.0861893856008104,
                -0.8423051933565135,
                -0.5320651755700623,
                -8.691682742013912
            ],
            [
                0.0,
                0.0,
                0.0,
                1.0
            ]
        ]
    },
    "Camera 2": {
        "top_left": [
            109,
            64
        ],
        "bottom_right": [
            1309,
            1264
        ],
        "transform_matrix": [
            [
                0.5036154068179977,
                -0.6880391275220732,
                -0.5224688325768411,
                -8.842090710973324
            ],
            [
                0.7950520382177689,
                0.13248285339857968,
                0.5918957256824396,
                10.01704861916676
            ],
            [
                -0.3380292569309854,
                -0.7134777169288715,
                0.6137473168207345,
                10.386857761792482
            ],
            [
                0.0,
                0.0,
                0.0,
                1.0
            ]
        ]
    },
    "Camera 3": {
        "top_left": [
            74,
            34
        ],
        "bottom_right": [
            1274,
            1234
        ],
        "transform_matrix": [
            [
                0.28713820264904116,
                0.5686762868272719,
                -0.7708170557141456,
                -13.741581893013906
            ],
            [
                0.9572607884697699,
                -0.14121251494769868,
                0.25241000075349684,
                4.49978716772993
            ],
            [
                0.034690566984592636,
                -0.8103494964658718,
                -0.5849190184459684,
                -10.427523020115085
            ],
            [
                0.0,
                0.0,
                0.0,
                1.0
            ]
        ]
    },
    "Camera 4": {
        "top_left": [
            112,
            44
        ],
        "bottom_right": [
            1312,
            1244
        ],
        "transform_matrix": [
            [
                -0.27685236560298987,
                0.49527219453930266,
                0.8234429069317749,
                14.65082886832076
            ],
            [
                -0.9550050584051445,
                -0.23669282593448282,
                -0.17872281491666148,
                -3.1798651177470383
            ],
            [
                0.1063865878793706,
                -0.8358719755245847,
                0.538516419853669,
                9.581370904577561
            ],
            [
                0.0,
                0.0,
                0.0,
                1.0
            ]
        ]
    },
    "Camera 5": {
        "top_left": [
            32,
            27
        ],
        "bottom_right": [
            1232,
            1227
        ],
        "transform_matrix": [
            [
                -0.9961929226937281,
                0.02816996384894605,
                0.08249917521816287,
                1.4389942030387155
            ],
            [
                -0.085749270884717,
                -0.4871543199389936,
                -0.8690959274484701,
                -15.159230358069923
            ],
            [
                0.015707428741442354,
                -0.8728614561896556,
                0.4877152396437974,
                8.506986896840528
            ],
            [
                0.0,
                0.0,
                0.0,
                1.0
            ]
        ]
    },
    "Camera 6": {
        "top_left": [
            50,
            104
        ],
        "bottom_right": [
            1250,
            1304
        ],
        "transform_matrix": [
            [
                -0.25034390132331186,
                -0.6238205652324782,
                -0.740388974433882,
                -12.019346911989835
            ],
            [
                0.94599108360143,
                0.005091144198655723,
                -0.32415266464636827,
                -5.262238449471308
            ],
            [
                0.2059825255132491,
                -0.7815510109031785,
                0.5888541555762374,
                9.559356798700785
            ],
            [
                0.0,
                0.0,
                0.0,
                1.0
            ]
        ]
    },
    "Camera 7": {
        "top_left": [
            134,
            66
        ],
        "bottom_right": [
            1334,
            1266
        ],
        "transform_matrix": [
            [
                0.7745988867033384,
                0.43946806650596576,
                0.4548234638180585,
                7.33859397414505
            ],
            [
                -0.6222872059876398,
                0.4011695409895724,
                0.6721767867505636,
                10.845598147902793
            ],
            [
                0.11293891261228509,
                -0.8036982132017738,
                0.5842208350565998,
                9.426425505240449
            ],
            [
                0.0,
                0.0,
                0.0,
                1.0
            ]
        ]
    },
    "Camera 8": {
        "top_left": [
            0,
            0
        ],
        "bottom_right": [
            1360,
            1360
        ],
        "transform_matrix": [
            [
                -0.7659588134255817,
                -0.35799072881345506,
                0.5339941331318971,
                9.856777993550686
            ],
            [
                -0.6423565475264851,
                0.3923487002686943,
                -0.6583620305328376,
                -12.1524338409586
            ],
            [
                0.026175599048148708,
                -0.8472928274693925,
                -0.5304806335139794,
                -9.791923749720098
            ],
            [
                0.0,
                0.0,
                0.0,
                1.0
            ]
        ]
    },
    "Camera 9": {
        "top_left": [
            51,
            51
        ],
        "bottom_right": [
            1251,
            1251
        ],